ID,Hostel_name,address,pincode,latitude,longitude,review,Rating,wifi,ac,laundry,security,price,BusStop,Distance,EmbeddedMap
0,SMP Group of PGs,"41, 3rd Cross Road,opposite to metro piller no 209,Raghuvanahalli, Subramanyapura",560068,12.882913,77.54605,average,4.4,0,0,1,0,6000,Raghuvanahalli Cross,0.21,https://www.google.com/maps/embed?pb=!1m18!1m12!1m3!1d3889.394995696397!2d77.54328877494189!3d12.88230358742491!2m3!1f0!2f0!3f0!3m2!1i1024!2i768!4f13.1!3m3!1m2!1s0x3bae3ff148dfeba9%3A0xa16cbfd415738846!2sSMP%20Group%20of%20PGs!5e0!3m2!1sen!2sin!4v1683004400252!5m2!1sen!2sin
1,Royal New Luxury PG for Ladies,"ROYAL PG, 10TH CROSS, NEAR SAI BABA TEMPLE,, BESIDE ROJA SILKS,HOUSR MAIN ROAD, GAREBAVIPALYA",560070,12.898757,77.628021,average,4,1,1,1,1,10000,Raghuvanahalli Cross,0.21,https://www.google.com/maps/embed?pb=!1m18!1m12!1m3!1d124460.64626651598!2d77.46346170547831!3d12.882290696586434!2m3!1f0!2f0!3f0!3m2!1i1024!2i768!4f13.1!3m3!1m2!1s0x3bae15bbe2483971%3A0x92ac2dee056bb827!2sRoyal%20New%20Luxury%20PG%20for%20Ladies!5e0!3m2!1sen!2sin!4v1683004458667!5m2!1sen!2sin
2,OM Sai Lakshmi PG,"MegaMart, #1596/1, Amma Kodava Samaj, 27th cross, 30th Main, Banashankari 3rd stage. Near DeveGowda(DG) Petrol Bunk opp to, Banashankari Stage II, Banashankari, Bengaluru, Karnataka 560070",560070,12.92400256,77.56070052,good,5,1,1,1,1,10500,"Devegowda Petrol Bunk,BANASHANKARI 3RD STAGE,BESIDE BIG MEGA MART",0.14,https://www.google.com/maps/embed?pb=!1m18!1m12!1m3!1d124460.6590624106!2d77.4634614636698!3d12.882264940169758!2m3!1f0!2f0!3f0!3m2!1i1024!2i768!4f13.1!3m3!1m2!1s0x3bae3f0e9a947045%3A0x48587e215e7a067f!2sOmSai%20Lakshmi%20PG!5e0!3m2!1sen!2sin!4v1683004553188!5m2!1sen!2sin
3,The Beehive Hostel Luxury mens PG,"2237, 23rd Cross Rd, next to Karnataka Grameena Bank, Karesandra, Banashankari Stage II, Banashankari, Bengaluru, Karnataka 560070",560111,12.924089,77.571722,average,4.4,1,1,1,0,8000,"Devegowda Petrol Bunk,BANASHANKARI 3RD STAGE,BESIDE BIG MEGA MART",0.14,https://www.google.com/maps/embed?pb=!1m18!1m12!1m3!1d3888.747061739287!2d77.56910517494258!3d12.923971787387035!2m3!1f0!2f0!3f0!3m2!1i1024!2i768!4f13.1!3m3!1m2!1s0x3bae15831ea54555%3A0xa6a6d60314735122!2sThe%20Beehive%20Hostel%20Luxury%20mens%20PG!5e0!3m2!1sen!2sin!4v1683004615363!5m2!1sen!2sin
4,ELITE GIRLS PG / HOSTEL,"7, 3rd Cross Rd, near Dayananda Sagar college of engineering, Kumaraswamy Layout, Bengaluru, Karnataka 560111",560005,12.910611,77.564789,good,4.9,1,0,1,1,9700,"Jaraganahalli House Building Co-Op-Society Layout,J.H.B.C.S.COLONY,IN FRONT OF PARK VIEW DEPARTMENTAL STORES",0.07,https://www.google.com/maps/embed?pb=!1m18!1m12!1m3!1d3888.957685757816!2d77.55993959678956!3d12.910441200000008!2m3!1f0!2f0!3f0!3m2!1i1024!2i768!4f13.1!3m3!1m2!1s0x3bae151a7a331d03%3A0x5ef8ece79f08198c!2sELITE%20GIRLS%20PG%20%2F%20HOSTEL!5e0!3m2!1sen!2sin!4v1683004657000!5m2!1sen!2sin
5,home town paying guest,"18, Buddha Vihara Rd, above The Paan Studio, Pulikeshi Nagar, Bengaluru, Karnataka 560005",560016,12.9964924,77.61714221,average,4.2,1,1,1,1,9500,"Jaraganahalli House Building Co-Op-Society Layout,J.H.B.C.S.COLONY,IN FRONT OF PARK VIEW DEPARTMENTAL STORES",0.07,https://www.google.com/maps/embed?pb=!1m18!1m12!1m3!1d15549.851085908007!2d77.61661359692046!3d13.006175796995867!2m3!1f0!2f0!3f0!3m2!1i1024!2i768!4f13.1!3m3!1m2!1s0x3bae16f228bf7a69%3A0xb07f6f558f9741c6!2sHome%20Town%20Paying%20Guest!5e0!3m2!1sen!2sin!4v1683005585769!5m2!1sen!2sin
6,Rentorio Hostel,"1st Main Rd, Bannerghatta Main Rd, Pai Layout, Hulimavu, Bengaluru, Karnataka 560016",560076,12.88128791,77.59642657,good,5,1,0,1,1,12000,"Jaraganahalli House Building Co-Op-Society Layout,J.H.B.C.S.COLONY,IN FRONT OF PARK VIEW DEPARTMENTAL STORES",0.07,https://www.google.com/maps/embed?pb=!1m18!1m12!1m3!1d124437.74884655465!2d77.4427196137375!3d12.928299315684722!2m3!1f0!2f0!3f0!3m2!1i1024!2i768!4f13.1!3m3!1m2!1s0x3bae15f4e75426ef%3A0x18ab09be64818655!2sRentorio%20Dreamville%20-%20Ladies%20Paying%20Guest%20Bannerghatta%20Road!5e0!3m2!1sen!2sin!4v1683005549210!5m2!1sen!2sin
7,Covie Bannerghatta 185 Paying Guest/Hostels,"113, Bannerghatta Main Rd, Madhuban Colony, Hulimavu, Bengaluru, Karnataka 560076",560041,12.87566582,77.60382217,good,5,1,1,1,1,14000,"Jaraganahalli House Building Co-Op-Society Layout,J.H.B.C.S.COLONY,IN FRONT OF PARK VIEW DEPARTMENTAL STORES",0.07,https://www.google.com/maps/embed?pb=!1m18!1m12!1m3!1d124437.73596297725!2d77.44271985550154!3d12.928325157818323!2m3!1f0!2f0!3f0!3m2!1i1024!2i768!4f13.1!3m3!1m2!1s0x3bae6b940094a34f%3A0xb32e6b3159028500!2sCovie%20-%20Bannerghatta%20185!5e0!3m2!1sen!2sin!4v1683005500288!5m2!1sen!2sin
8,SA PG,"#76,/1-4 30 th cross 4th T block Swagat main Road East, Tilak Nagar, Jayanagar, Bengaluru, Karnataka 560041",560076,12.93052602,77.5951554,good,5,1,0,1,1,9500,"Jaraganahalli House Building Co-Op-Society Layout,J.H.B.C.S.COLONY,IN FRONT OF PARK VIEW DEPARTMENTAL STORES",0.07,https://www.google.com/maps/embed?pb=!1m18!1m12!1m3!1d124437.72307935059!2d77.44272009726556!3d12.928351000000003!2m3!1f0!2f0!3f0!3m2!1i1024!2i768!4f13.1!3m3!1m2!1s0x3bae15a5f72cbd37%3A0x663d6e2a5e939fdf!2sSA%20PG!5e0!3m2!1sen!2sin!4v1683005436636!5m2!1sen!2sin
9,Hive Hostels,"No. 10 - 11, Hive Hostels, Bannerghatta Main Rd, Pai Layout, Hulimavu, Bengaluru, Karnataka 560076",560076,12.87814982,77.59774551,good,4.8,1,0,1,0,8000,"Jaraganahalli House Building Co-Op-Society Layout,J.H.B.C.S.COLONY,IN FRONT OF PARK VIEW DEPARTMENTAL STORES",0.07,https://www.google.com/maps/embed?pb=!1m18!1m12!1m3!1d124403.80595230704!2d77.52594264453955!3d12.996207412880354!2m3!1f0!2f0!3f0!3m2!1i1024!2i768!4f13.1!3m3!1m2!1s0x3bae15924d4ca75f%3A0x3feba7264598a11a!2sHive%20Hostels!5e0!3m2!1sen!2sin!4v1683005633943!5m2!1sen!2sin
10,Abuzz Oxfordcaps,"85/1, First Cross, Bannerghatta Main Rd, Hulimavu, Bengaluru, Karnataka 560076",560076,13.92747279,77.67487344,average,4.1,1,0,0,0,6000,"Jaraganahalli House Building Co-Op-Society Layout,J.H.B.C.S.COLONY,IN FRONT OF PARK VIEW DEPARTMENTAL STORES",0.07,https://www.google.com/maps/embed?pb=!1m18!1m12!1m3!1d15189826.350982808!2d67.20007196352338!3d21.646201454050942!2m3!1f0!2f0!3f0!3m2!1i1024!2i768!4f13.1!3m3!1m2!1s0x3bae152d96b67b93%3A0x1a29d0fcf98fdb12!2sAbuzz%20Oxfordcaps%20Bannerghatta%2C%20Near%20Christ%20University!5e0!3m2!1sen!2sin!4v1683005667171!5m2!1sen!2sin
11,Sudarshan Luxury Living - Hulimavu,"arch, no 9 2nd cross thimmareddy layout, Bannerghatta Main Rd, opp. Hulimavu, opp. christ university, Bengaluru, Karnataka 560076",560062,12.88317941,77.59483865,average,3.7,1,1,0,1,10500,"Jaraganahalli House Building Co-Op-Society Layout,J.H.B.C.S.COLONY,IN FRONT OF PARK VIEW DEPARTMENTAL STORES",0.07,https://www.google.com/maps/embed?pb=!1m18!1m12!1m3!1d3889.420085913137!2d77.59192317494184!3d12.880687387426345!2m3!1f0!2f0!3f0!3m2!1i1024!2i768!4f13.1!3m3!1m2!1s0x3bae158a69ae65c9%3A0x53edc1ee17111988!2sSudarshan%20Luxury%20Living%20-%20Hulimavu!5e0!3m2!1sen!2sin!4v1683005691652!5m2!1sen!2sin
12,Shivrang PG For Gents,"37/40, 3rd Main Road, 3rd Cross Rd, Srinidhi Layout, 8th Phase, J. P. Nagar, Bengaluru, Karnataka 560062",560078,12.88378585,77.57231974,average,4.2,1,0,1,1,9000,"Jaraganahalli House Building Co-Op-Society Layout,J.H.B.C.S.COLONY,IN FRONT OF PARK VIEW DEPARTMENTAL STORES",0.07,https://www.google.com/maps/embed?pb=!1m18!1m12!1m3!1d3889.389519898647!2d77.56961607494192!3d12.88265628742462!2m3!1f0!2f0!3f0!3m2!1i1024!2i768!4f13.1!3m3!1m2!1s0x3bae1551eac19091%3A0x257d6f9e12b27a03!2sShivrang%20PG%20For%20Gents!5e0!3m2!1sen!2sin!4v1683005721881!5m2!1sen!2sin
13,New Sri Vaishnavi Gents Pg,"metro station, ##2052/28-29e, jothi layout, opp. to yelchanahalli, Yelachenahalli, J. P. Nagar, Bengaluru, Karnataka 560078",560078,12.89687983,77.57111811,average,3.7,1,0,1,0,8500,"Jaraganahalli House Building Co-Op-Society Layout,J.H.B.C.S.COLONY,IN FRONT OF PARK VIEW DEPARTMENTAL STORES",0.07,https://www.google.com/maps/embed?pb=!1m18!1m12!1m3!1d3889.188180934733!2d77.56843227494207!3d12.895618087412801!2m3!1f0!2f0!3f0!3m2!1i1024!2i768!4f13.1!3m3!1m2!1s0x3bae15da8d16aa6d%3A0x7ec6204a2d33927d!2sNew%20Sri%20Vaishnavi%20Gents%20Pg!5e0!3m2!1sen!2sin!4v1683005746426!5m2!1sen!2sin
14,zolo icarus,"17, Beereshwara Nagar, Chunchgatta, Phase 7, J. P. Nagar, Bengaluru, Karnataka 560078",560085,12.88908104,77.57315916,average,4,1,1,1,1,12000,"Jaraganahalli House Building Co-Op-Society Layout,J.H.B.C.S.COLONY,IN FRONT OF PARK VIEW DEPARTMENTAL STORES",0.07,https://www.google.com/maps/embed?pb=!1m18!1m12!1m3!1d7778.419180731632!2d77.57719079107397!3d12.894240399656056!2m3!1f0!2f0!3f0!3m2!1i1024!2i768!4f13.1!3m3!1m2!1s0x3bae158c96ad23f3%3A0x213d8fca971418e7!2sZolo%20Icarus%20Co-Living%20%7C%20Redefining%20PG!5e0!3m2!1sen!2sin!4v1683005775053!5m2!1sen!2sin
15,"Amma Ladies PG, Water tank road","No.3006, Shobha Nilayam, VBN Co Operative Society Layout, Banashankari 3rd Stage",560078,12.93188678,77.54633059,average,4,1,1,1,1,12000,"Jaraganahalli House Building Co-Op-Society Layout,J.H.B.C.S.COLONY,IN FRONT OF PARK VIEW DEPARTMENTAL STORES",0.07,https://www.google.com/maps/embed?pb=!1m18!1m12!1m3!1d62227.35425949366!2d77.5411407885207!3d12.894237127144693!2m3!1f0!2f0!3f0!3m2!1i1024!2i768!4f13.1!3m3!1m2!1s0x3bae15b990c63583%3A0xcd868002aca43bea!2sVAAYU%20HOSTELS%20FOR%20GIRLS!5e0!3m2!1sen!2sin!4v1683005826616!5m2!1sen!2sin
17,Shree Nideshwara Ladies Pg,"No.04 23rd Main, 1st Cross Marenhalli, Jp Nagar 2nd Phase, Bangalore - 560078 (Near Raghavendra Swamy Mata)",560078,12.9161871,77.58639781,average,4.5,1,0,1,0,8000,"Jaraganahalli House Building Co-Op-Society Layout,J.H.B.C.S.COLONY,IN FRONT OF PARK VIEW DEPARTMENTAL STORES",0.07,https://www.google.com/maps/embed?pb=!1m18!1m12!1m3!1d3888.635485060978!2d77.5436483749427!3d12.931133887380494!2m3!1f0!2f0!3f0!3m2!1i1024!2i768!4f13.1!3m3!1m2!1s0x3bae3f9f4b153eb5%3A0xade1bfdc76c9160b!2sAmma%20Ladies%20PG%2C%20Water%20tank%20road!5e0!3m2!1sen!2sin!4v1683005853893!5m2!1sen!2sin
18,Sri Balaji Luxurious Ladies Pg,"No 26, 22nd Main Road, Jp Nagar 2nd Phase, Bangalore - 560078 (Behind Marenahalli Kala Bhawan,Near Raghavendra Swamy Matt)",560076,12.91416,77.5857619,good,4.9,1,0,1,1,9000,"Jaraganahalli House Building Co-Op-Society Layout,J.H.B.C.S.COLONY,IN FRONT OF PARK VIEW DEPARTMENTAL STORES",0.07,https://www.google.com/maps/embed?pb=!1m18!1m12!1m3!1d3888.8725414711625!2d77.58396497494243!3d12.915912587394333!2m3!1f0!2f0!3f0!3m2!1i1024!2i768!4f13.1!3m3!1m2!1s0x3bae156b1f8b6739%3A0x9919e48376bf21b0!2sShree%20Nideshwara%20Luxurious%20Ladies%20PG!5e0!3m2!1sen!2sin!4v1683005876998!5m2!1sen!2sin
19,SS LUXURY FOR GENTS AND LADIES PG,"No 58, 1st Stage, 1st Cross, Govinda Reddy Layout, Arkere Micolayout, bangalore - 560076 (Near Ganesga Temple)",560076,12.89152465,77.5940521,average,3.9,1,0,1,0,8000,"Jaraganahalli House Building Co-Op-Society Layout,J.H.B.C.S.COLONY,IN FRONT OF PARK VIEW DEPARTMENTAL STORES",0.07,https://www.google.com/maps/embed?pb=!1m18!1m12!1m3!1d31109.627374002655!2d77.54730607431644!3d12.926773500000001!2m3!1f0!2f0!3f0!3m2!1i1024!2i768!4f13.1!3m3!1m2!1s0x3bae15e1a59e0751%3A0x2524f9daf0e65847!2sSri%20Balaji%20luxurious%20ladies%20pg%20j.p%20nagar!5e0!3m2!1sen!2sin!4v1683005915339!5m2!1sen!2sin
20,Ss Comforts Gents Pg,"No 33/111, Eastern Portion, 7th Cross, Bilekahalli, Bangalore - 560076 (Opp to Honda Show Room)",560011,12.90145844,77.6011616,good,4.9,1,1,1,1,8500,"Jaraganahalli House Building Co-Op-Society Layout,J.H.B.C.S.COLONY,IN FRONT OF PARK VIEW DEPARTMENTAL STORES",0.07,https://www.google.com/maps/embed?pb=!1m18!1m12!1m3!1d3889.25306177961!2d77.59137507494198!3d12.891442587416583!2m3!1f0!2f0!3f0!3m2!1i1024!2i768!4f13.1!3m3!1m2!1s0x3bae154056342da7%3A0xc7dfa73b038309b5!2sSs%20luxury%20pg%20for%20gents!5e0!3m2!1sen!2sin!4v1683006151195!5m2!1sen!2sin
21,Fourth Pg Accommodation,"No.400, 30th Cross, 8th B Main Road, Jayanagar 4th Block, Bangalore - 560011 (Above Sukh Sagar Hotel)",560004,12.92898045,77.58266927,average,3.9,1,1,1,0,10600,"Jaraganahalli House Building Co-Op-Society Layout,J.H.B.C.S.COLONY,IN FRONT OF PARK VIEW DEPARTMENTAL STORES",0.07,https://www.google.com/maps/embed?pb=!1m18!1m12!1m3!1d15556.399998031542!2d77.5827371871582!3d12.901291000000015!2m3!1f0!2f0!3f0!3m2!1i1024!2i768!4f13.1!3m3!1m2!1s0x3bae1538d75c3b6f%3A0x8a1738840136fb9d!2sSs%20comforts%20gents%20pg%20bilekahalli!5e0!3m2!1sen!2sin!4v1683006217014!5m2!1sen!2sin
23,My Home Pg For Men,"No.31/50, Netaji Road, Tata Silk Farm Road, T.R Nagar, Basavanagudi, Bangalore - 560004 (Near Nagasandra Circle)",560078,12.93496039,77.57154149,average,3.8,1,0,0,0,8700,"Jaraganahalli House Building Co-Op-Society Layout,J.H.B.C.S.COLONY,IN FRONT OF PARK VIEW DEPARTMENTAL STORES",0.07,https://www.google.com/maps/embed?pb=!1m18!1m12!1m3!1d62225.60084420936!2d77.5518370761389!3d12.901287574711777!2m3!1f0!2f0!3f0!3m2!1i1024!2i768!4f13.1!3m3!1m2!1s0x3bae1511cdc32ddd%3A0xe56eaada7621bbdb!2sSharda%20Krupa%20pg%20for%20boys!5e0!3m2!1sen!2sin!4v1683006277125!5m2!1sen!2sin
24,ATITHI BOYS PG,"1st Stage, Kumaraswamy Layout, Bengaluru, Karnataka 560078",560111,12.89653916,77.58294257,average,4.1,1,0,0,0,8500,"Jaraganahalli House Building Co-Op-Society Layout,J.H.B.C.S.COLONY,IN FRONT OF PARK VIEW DEPARTMENTAL STORES",0.07,https://www.google.com/maps/embed?pb=!1m17!1m12!1m3!1d3888.6721967010544!2d77.5826944!3d12.928777799999999!2m3!1f0!2f0!3f0!3m2!1i1024!2i768!4f13.1!3m2!1m1!2zMTLCsDU1JzQzLjYiTiA3N8KwMzQnNTcuNyJF!5e0!3m2!1sen!2sin!4v1683006437548!5m2!1sen!2sin
25,ELITE GIRLS PG / HOSTEL,"7, 3rd Cross Rd, near Dayananda Sagar college of engineering, Kumaraswamy Layout, Bengaluru, Karnataka 560111",560078,12.94084024,77.58229152,good,4.9,0,0,1,1,7700,"Jaraganahalli House Building Co-Op-Society Layout,J.H.B.C.S.COLONY,IN FRONT OF PARK VIEW DEPARTMENTAL STORES",0.07,https://www.google.com/maps/embed?pb=!1m17!1m12!1m3!1d3888.578694078187!2d77.5715!3d12.934777799999997!2m3!1f0!2f0!3f0!3m2!1i1024!2i768!4f13.1!3m2!1m1!2zMTLCsDU2JzA1LjIiTiA3N8KwMzQnMTcuNCJF!5e0!3m2!1sen!2sin!4v1683006488250!5m2!1sen!2sin
26,Lohitha Girl's PG,"1555, 6th Cross Rd, 1st Stage, Kumaraswamy Layout, Bengaluru, Karnataka 560078",560078,12.92745576,77.55894558,good,4.6,1,1,1,1,9500,"Jaraganahalli House Building Co-Op-Society Layout,J.H.B.C.S.COLONY,IN FRONT OF PARK VIEW DEPARTMENTAL STORES",0.07,https://www.google.com/maps/embed?pb=!1m14!1m8!1m3!1d497792.68398708786!2d77.2348489!3d12.9073777!3m2!1i1024!2i768!4f13.1!3m3!1m2!1s0x3bae15639900089f%3A0x1cdd09589ac73ba!2sATITHI%20BOYS%20PG!5e0!3m2!1sen!2sin!4v1683006524740!5m2!1sen!2sin
27,Anagha Girls PG,"36-37, 2nd Cross ,Teachers Colony, near Dayananda College, 1st Stage, Bengaluru, Karnataka 560078",560078,12.97296006,77.55619899,good,4.9,1,1,1,1,10000,"Jaraganahalli House Building Co-Op-Society Layout,J.H.B.C.S.COLONY,IN FRONT OF PARK VIEW DEPARTMENTAL STORES",0.07,https://www.google.com/maps/embed?pb=!1m14!1m8!1m3!1d497792.68398708786!2d77.2348489!3d12.9073777!3m2!1i1024!2i768!4f13.1!3m3!1m2!1s0x3bae151a7a331d03%3A0x5ef8ece79f08198c!2sELITE%20GIRLS%20PG%20%2F%20HOSTEL!5e0!3m2!1sen!2sin!4v1683006550883!5m2!1sen!2sin
28,Ganapa's Boys PG,"Agasthya Arcade, 3rd Cross, near Dayanand Sagar College, 1st Stage, Kumaraswamy Layout, Bengaluru, Karnataka 560078",560078,12.97200805,77.54959699,good,4.6,1,0,0,1,8500,"Jaraganahalli House Building Co-Op-Society Layout,J.H.B.C.S.COLONY,IN FRONT OF PARK VIEW DEPARTMENTAL STORES",0.07,https://www.google.com/maps/embed?pb=!1m14!1m8!1m3!1d497792.68398708786!2d77.2348489!3d12.9073777!3m2!1i1024!2i768!4f13.1!3m3!1m2!1s0x3bae1562df2118d3%3A0x261030b280c7dec6!2sLohitha%20Girl&#39;s%20PG!5e0!3m2!1sen!2sin!4v1683006593759!5m2!1sen!2sin
29,SAGAR BOYS PG,"WH68+5PW, Sagar Boys PG, opposite Dayanand sagar college, Bengaluru, Karnataka 560078",560078,12.98271377,77.57294294,average,3.8,1,0,0,1,6500,"Jaraganahalli House Building Co-Op-Society Layout,J.H.B.C.S.COLONY,IN FRONT OF PARK VIEW DEPARTMENTAL STORES",0.07,https://www.google.com/maps/embed?pb=!1m14!1m8!1m3!1d497792.68398708786!2d77.2348489!3d12.9073777!3m2!1i1024!2i768!4f13.1!3m3!1m2!1s0x3bae157330e70b95%3A0x61fedf5d73b7d995!2sAnagha%20Girls%20PG!5e0!3m2!1sen!2sin!4v1683006618589!5m2!1sen!2sin
30,Yashoda Girls PG,"WH58+H2C, 7th Cross Rd, 1st Stage, Kumaraswamy Layout, Bengaluru, Karnataka 560078",560078,12.98539013,77.53723737,average,4.1,1,1,1,1,10500,"Jaraganahalli House Building Co-Op-Society Layout,J.H.B.C.S.COLONY,IN FRONT OF PARK VIEW DEPARTMENTAL STORES",0.07,https://www.google.com/maps/embed?pb=!1m14!1m8!1m3!1d497786.58377699926!2d77.0044005!3d12.9104412!3m2!1i1024!2i768!4f13.1!3m3!1m2!1s0x3bae153f124d1d87%3A0x4e4b68ecd6eb5493!2sGanapa&#39;s%20Boys%20PG!5e0!3m2!1sen!2sin!4v1683006657761!5m2!1sen!2sin
31,Anagha Girls PG,"36-37, 2nd Cross ,Teachers Colony, near Dayananda College, 1st Stage, Bengaluru, Karnataka 560078",560078,12.91384236,77.5705547,good,4.9,1,1,1,1,10000,"Jaraganahalli House Building Co-Op-Society Layout,J.H.B.C.S.COLONY,IN FRONT OF PARK VIEW DEPARTMENTAL STORES",0.07,https://www.google.com/maps/embed?pb=!1m14!1m8!1m3!1d497786.58377699926!2d77.0044005!3d12.9104412!3m2!1i1024!2i768!4f13.1!3m3!1m2!1s0x3bae152f58cead87%3A0x8e26fab2783cd2ef!2sSAGAR%20BOYS%20PG!5e0!3m2!1sen!2sin!4v1683006682785!5m2!1sen!2sin
32,Stanza Living Anamur House,"Sudhakar Readdy, 70, 3rd Cross Rd, Teachers Colony, Kumaraswamy Layout, Bengaluru, Karnataka 560078",560078,12.91216916,77.57115552,average,4.2,1,1,1,1,95000,"Jaraganahalli House Building Co-Op-Society Layout,J.H.B.C.S.COLONY,IN FRONT OF PARK VIEW DEPARTMENTAL STORES",0.07,https://www.google.com/maps/embed?pb=!1m14!1m8!1m3!1d497786.58377699926!2d77.0044005!3d12.9104412!3m2!1i1024!2i768!4f13.1!3m3!1m2!1s0x3bae15827eab8c29%3A0xb0d9db4defb00c7d!2sYashoda%20Girls%20PG!5e0!3m2!1sen!2sin!4v1683006712330!5m2!1sen!2sin
33,Paradise PG For Boys & Men,"10, 3rd Cross Rd, Teachers Colony, Kumaraswamy Layout, Bengaluru, Karnataka 560070",560078,12.90689259,77.5658607,average,3.9,1,1,1,1,8600,"Jaraganahalli House Building Co-Op-Society Layout,J.H.B.C.S.COLONY,IN FRONT OF PARK VIEW DEPARTMENTAL STORES",0.07,https://www.google.com/maps/embed?pb=!1m14!1m8!1m3!1d31110.60261801128!2d77.5330467!3d12.9189456!3m2!1i1024!2i768!4f13.1!3m3!1m2!1s0x3bae157330e70b95%3A0x61fedf5d73b7d995!2sAnagha%20Girls%20PG!5e0!3m2!1sen!2sin!4v1683006742915!5m2!1sen!2sin
34,Keerthi sai nest ladies pg,"metro statio, No 46/5 17th A cross 38th main JP nagar phase 6 Near sindhoor convention hall, behind JP nagar, Bengaluru, Karnataka 560078",560078,12.90655104,77.58001781,average,4.3,1,1,1,1,9500,"Jaraganahalli House Building Co-Op-Society Layout,J.H.B.C.S.COLONY,IN FRONT OF PARK VIEW DEPARTMENTAL STORES",0.07,https://www.google.com/maps/embed?pb=!1m14!1m8!1m3!1d31110.60261801128!2d77.5330467!3d12.9189456!3m2!1i1024!2i768!4f13.1!3m3!1m2!1s0x3bae15d4ac457f89%3A0x67c4c0b9a2ae0f26!2sStanza%20Living%20Anamur%20House!5e0!3m2!1sen!2sin!4v1683006772519!5m2!1sen!2sin
35,JP Nagar PG,"1, 17th cross, 33rd Main Rd, JP Nagar Phase 6, J. P. Nagar, Bengaluru, Karnataka 560078",560078,12.90544739,77.58588402,average,4.1,1,1,1,1,10500,"JPNagara 6th Phase,J.P.NAGARA 6TH PHASE,IN FRONT OF NANDHINI HOTEL",0.04,https://www.google.com/maps/embed?pb=!1m14!1m8!1m3!1d31111.592927671245!2d77.5535011!3d12.910992!3m2!1i1024!2i768!4f13.1!3m3!1m2!1s0x3bae15f032c4255d%3A0x2cc63fc4fca3241b!2sParadise%20PG%20For%20Boys%20%26%20Men!5e0!3m2!1sen!2sin!4v1683006808080!5m2!1sen!2sin
36,Shirdi sai mansion pg,"16th Main Rd, KSRTC Layout, 2nd Phase, J. P. Nagar, Bengaluru, Karnataka 560078",560078,12.91398083,77.59412377,average,4.2,1,0,0,1,4500,"JPNagara 6th Phase,J.P.NAGARA 6TH PHASE,IN FRONT OF NANDHINI HOTEL",0.04,https://www.google.com/maps/embed?pb=!1m14!1m8!1m3!1d31114.174401846463!2d77.5661991!3d12.8902364!3m2!1i1024!2i768!4f13.1!3m3!1m2!1s0x3bae15c2626cfeb9%3A0x634a0e20e20412ec!2sKeerthi%20sai%20nest%20ladies%20pg!5e0!3m2!1sen!2sin!4v1683006846010!5m2!1sen!2sin
37,Skanda Boys PG,"6th Phase, 23 ,1st main road, JP Nagar, Puttenahalli, Bengaluru, Karnataka 560078",560078,12.90270626,77.58241089,average,3.9,1,1,1,1,5500,"JPNagara 6th Phase,J.P.NAGARA 6TH PHASE,IN FRONT OF NANDHINI HOTEL",0.04,https://www.google.com/maps/embed?pb=!1m14!1m8!1m3!1d31112.3974362976!2d77.5452003!3d12.9045271!3m2!1i1024!2i768!4f13.1!3m3!1m2!1s0x3bae156c0a2a5733%3A0x10de94b25cb7e697!2sJP%20Nagar%20PG!5e0!3m2!1sen!2sin!4v1683006895099!5m2!1sen!2sin
38,Flourish Luxury Ladies Pg,"No:8,Behind Essar,65/8/1,Kanakapura Road, JP Nagar 1st Phase, Bengaluru 2nd Cross, Gangadhar Nagar, Opp Sarakki Bus Stop and Metro Piller : 55, Bengaluru, Karnataka 560078",560050,12.91289268,77.57037174,average,4.5,1,1,1,1,7000,"JPNagara 6th Phase,J.P.NAGARA 6TH PHASE,IN FRONT OF NANDHINI HOTEL",0.04,https://www.google.com/maps/embed?pb=!1m14!1m8!1m3!1d31112.3974362976!2d77.5452003!3d12.9045271!3m2!1i1024!2i768!4f13.1!3m3!1m2!1s0x3bae152dcd71167b%3A0x5f6efc2d158b89db!2sShirdi%20sai%20mansion%20pg!5e0!3m2!1sen!2sin!4v1683006923529!5m2!1sen!2sin
39,Venkateshwara P G,"1061 3rd Cross 7th Main Srinivasnagar, Banashankari 1st Stage, Bengaluru, Karnataka 560050",560070,12.93757084,77.55883037,good,5,1,1,1,1,6000,"JPNagara 6th Phase,J.P.NAGARA 6TH PHASE,IN FRONT OF NANDHINI HOTEL",0.04,https://www.google.com/maps/embed?pb=!1m14!1m8!1m3!1d62235.03201273465!2d77.5276454!3d12.8633203!3m2!1i1024!2i768!4f13.1!3m3!1m2!1s0x3bae159ba2d32b3f%3A0xdfd7453aa9e2e47c!2sSkanda%20Boys%20PG!5e0!3m2!1sen!2sin!4v1683006952978!5m2!1sen!2sin
40,The Beehive Hostel Luxury mens PG,"2237, 23rd Cross Rd, next to Karnataka Grameena Bank, Karesandra, Banashankari Stage II, Banashankari, Bengaluru, Karnataka 560070",560078,12.92420664,77.57385514,average,4.4,1,1,1,1,6500,"JPNagara 6th Phase,J.P.NAGARA 6TH PHASE,IN FRONT OF NANDHINI HOTEL",0.04,https://www.google.com/maps/embed?pb=!1m18!1m12!1m3!1d31112.397636878773!2d77.54520028489075!3d12.90452548776445!2m3!1f0!2f0!3f0!3m2!1i1024!2i768!4f13.1!3m3!1m2!1s0x3bae17303239b0e1%3A0x3a8cc22974c5f93d!2sFlourish%20Luxury%20Ladies%20Pg!5e0!3m2!1sen!2sin!4v1683007070959!5m2!1sen!2sin
41,myroomie-Erica Girls PG / Hoste,"Erica, Eshwara Nagar, Banashankari Temple Ward, Bengaluru, Karnataka 560078",560070,12.91434748,77.56976917,average,4.3,1,1,1,1,7000,"JPNagara 6th Phase,J.P.NAGARA 6TH PHASE,IN FRONT OF NANDHINI HOTEL",0.04,https://www.google.com/maps/embed?pb=!1m14!1m8!1m3!1d31108.42307617672!2d77.544535!3d12.9364335!3m2!1i1024!2i768!4f13.1!3m3!1m2!1s0x3bae3f70413d1679%3A0x775d1409e4145ed5!2sVenkateshwara%20P%20G!5e0!3m2!1sen!2sin!4v1683007118723!5m2!1sen!2sin
42,SRI GURURAGHAVENDRA PG for BOYS,"Stage, 2 #7, Subramanya Pura Rd, Kadarenahalli, Banashankari, Bengaluru, Karnataka 560070",560070,12.91484944,77.56247357,good,5,1,0,0,1,6500,"JPNagara 6th Phase,J.P.NAGARA 6TH PHASE,IN FRONT OF NANDHINI HOTEL",0.04,https://www.google.com/maps/embed?pb=!1m14!1m8!1m3!1d31108.42307617672!2d77.544535!3d12.9364335!3m2!1i1024!2i768!4f13.1!3m3!1m2!1s0x3bae15831ea54555%3A0xa6a6d60314735122!2sThe%20Beehive%20Hostel%20Luxury%20mens%20PG!5e0!3m2!1sen!2sin!4v1683007144675!5m2!1sen!2sin
43,Pg ACCOMMODATION for boys,"#5, 3rd and 4th cross Kumarswamy layout 1st stage 70meters from dayananda Sagar Collage, Bengaluru, Karnataka 560070",560085,12.91267428,77.56298855,good,4.8,1,1,1,1,6000,"JPNagara 6th Phase,J.P.NAGARA 6TH PHASE,IN FRONT OF NANDHINI HOTEL",0.04,https://www.google.com/maps/embed?pb=!1m14!1m8!1m3!1d31108.423188419572!2d77.544535!3d12.9364326!3m2!1i1024!2i768!4f13.1!3m3!1m2!1s0x3bae1530ca90a2c9%3A0xfed04cba466e8881!2smyroomie-Erica%20Girls%20PG%20%2F%20Hostel!5e0!3m2!1sen!2sin!4v1683007166855!5m2!1sen!2sin
44,Hoysala P.G. Hostel,"WGJR+9HR, Hoysala P.G. hostel Karnataka, 2nd Phase, [no name], Banashankari, Bengaluru, Karnataka 560085",560070,12.93198058,77.54515334,average,4.4,1,1,1,1,8000,"JPNagara 6th Phase,J.P.NAGARA 6TH PHASE,IN FRONT OF NANDHINI HOTEL",0.04,https://www.google.com/maps/embed?pb=!1m14!1m8!1m3!1d31108.423188419572!2d77.544535!3d12.9364326!3m2!1i1024!2i768!4f13.1!3m3!1m2!1s0x3bae3f089f30ace7%3A0x5eefe03a296b1ec7!2sSRI%20GURURAGHAVENDRA%20PG%20for%20BOYS!5e0!3m2!1sen!2sin!4v1683007188811!5m2!1sen!2sin
45,BNMIT Boys Hostel,"WH83+W88, 22nd Main Rd, Anjanaswamy Layout, Padmanabhanagar, Bengaluru, Karnataka 560070",560070,12.91762686,77.55433942,average,3,1,0,0,1,4500,"JPNagara 6th Phase,J.P.NAGARA 6TH PHASE,IN FRONT OF NANDHINI HOTEL",0.04,https://www.google.com/maps/embed?pb=!1m14!1m8!1m3!1d31108.423188419572!2d77.544535!3d12.9364326!3m2!1i1024!2i768!4f13.1!3m3!1m2!1s0x3bae15b0cf4fa84f%3A0xd34b8bbbbfd81def!2sPg%20ACCOMMODATION%20for%20boys!5e0!3m2!1sen!2sin!4v1683007212993!5m2!1sen!2sin
46,White House Women's Residence,"623/9, 1st B Main Rd, 7th Block West, 7th Block, Jayanagar, Bengaluru, Karnataka 560070",560011,12.93149603,77.57346579,average,3.9,1,1,1,1,7000,"JPNagara 6th Phase,J.P.NAGARA 6TH PHASE,IN FRONT OF NANDHINI HOTEL",0.04,https://www.google.com/maps/embed?pb=!1m14!1m8!1m3!1d31109.103475988024!2d77.5063579!3d12.9309767!3m2!1i1024!2i768!4f13.1!3m3!1m2!1s0x3bae3e3829198725%3A0x134ff70b77e61470!2sHoysala%20P.G.%20Hostel!5e0!3m2!1sen!2sin!4v1683007239272!5m2!1sen!2sin
47,Keerthi PG For Ladies,"177/B, 1/1 GF, 22nd Cross, 7th B Main Rd, Jayanagar 3rd Block, Jayanagar, Bengaluru, Karnataka 560011",56011,12.93671315,77.58062621,average,4.4,1,0,0,1,4500,"JPNagara 6th Phase,J.P.NAGARA 6TH PHASE,IN FRONT OF NANDHINI HOTEL",0.04,https://www.google.com/maps/embed?pb=!1m13!1m8!1m3!1d7777.6988768630235!2d77.5442758!3d12.9173968!3m2!1i1024!2i768!4f13.1!3m2!1m1!2s!5e0!3m2!1sen!2sin!4v1683007269405!5m2!1sen!2sin
48,Jayanthi Luxury PG for Girl,"208, 7th Main Rd, 4th Block, Jayanagar, Bengaluru, Karnataka 560011",560070,12.92564699,77.58039685,average,4.3,1,1,1,1,5000,"JPNagara 6th Phase,J.P.NAGARA 6TH PHASE,IN FRONT OF NANDHINI HOTEL",0.04,https://www.google.com/maps/embed?pb=!1m14!1m8!1m3!1d15554.66763482894!2d77.5583459!3d12.9291172!3m2!1i1024!2i768!4f13.1!3m3!1m2!1s0x3bae157aa887d0db%3A0x12dceb4c7a02f8ee!2sWhite%20House%20Women&#39;s%20Residence!5e0!3m2!1sen!2sin!4v1683007298786!5m2!1sen!2sin
49,Durga PG & Hostel,"626, 1st Cross Rd, Jayanagar 6th Block, Jayanagar, Bengaluru, Karnataka 560070",560062,12.93074995,77.57189961,average,4.4,1,1,1,1,6500,"JPNagara 6th Phase,J.P.NAGARA 6TH PHASE,IN FRONT OF NANDHINI HOTEL",0.04,https://www.google.com/maps/embed?pb=!1m14!1m8!1m3!1d31109.131649487368!2d77.5410006!3d12.9307507!3m2!1i1024!2i768!4f13.1!3m3!1m2!1s0x3bae15f46a5d9897%3A0x525fa7e01834a5de!2sKeerthi%20PG%20For%20Ladies!5e0!3m2!1sen!2sin!4v1683007321643!5m2!1sen!2sin
50,Rajmahal Pg,"No. 3475 6th Cross, Manjunath Nagar Raghuvanalli, Kanakapura Road",560062,12.88141771,77.54341883,average,4,1,1,1,1,5000,"JPNagara 6th Phase,J.P.NAGARA 6TH PHASE,IN FRONT OF NANDHINI HOTEL",0.04,https://www.google.com/maps/embed?pb=!1m14!1m8!1m3!1d31109.13174921571!2d77.5410006!3d12.9307499!3m2!1i1024!2i768!4f13.1!3m3!1m2!1s0x3bae15cceadfe55f%3A0x248eefd49952c21d!2sJayanthi%20Luxury%20PG%20for%20Girls!5e0!3m2!1sen!2sin!4v1683007344836!5m2!1sen!2sin
51,Nandana Organics Pg,"No 1233/1 Surya Prema Appartment, 4th Floor, 1st Cross Manjunatha Nagara,Raghunalli",560062,12.88300103,77.546726,average,4.2,1,1,1,1,5000,"JPNagara 6th Phase,J.P.NAGARA 6TH PHASE,IN FRONT OF NANDHINI HOTEL",0.04,https://www.google.com/maps/embed?pb=!1m14!1m8!1m3!1d31109.13174921571!2d77.5410006!3d12.9307499!3m2!1i1024!2i768!4f13.1!3m3!1m2!1s0x3bae15532abb6705%3A0x8b4fb27d384d3eae!2sDurga%20PG%20%26%20Hostel!5e0!3m2!1sen!2sin!4v1683007383575!5m2!1sen!2sin
52,SMP Paying Guest,"No.10, Kanakpura Main Road, Raghunalli",560078,12.88572874,77.54696484,average,4.1,1,1,1,1,5500,"JPNagara 6th Phase,J.P.NAGARA 6TH PHASE,IN FRONT OF NANDHINI HOTEL",0.04,https://www.google.com/maps/embed?pb=!1m13!1m8!1m3!1d7778.821937423062!2d77.5434747!3d12.8812747!3m2!1i1024!2i768!4f13.1!3m2!1m1!2zMTLCsDUyJzUyLjMiTiA3N8KwMzInMzYuNSJF!5e0!3m2!1sen!2sin!4v1683007409746!5m2!1sen!2sin
53,Atithi Boys Pg,No. 1738(Near Kumaraswamy Layout Bus Stop and Sagar Hospital and Dayananda Sagar College),560078,12.9061572,77.56615273,average,4,1,0,0,1,4000,"JPNagara 6th Phase,J.P.NAGARA 6TH PHASE,IN FRONT OF NANDHINI HOTEL",0.04,https://www.google.com/maps/embed?pb=!1m17!1m12!1m3!1d3889.3872017213716!2d77.54672219999999!3d12.882805599999998!2m3!1f0!2f0!3f0!3m2!1i1024!2i768!4f13.1!3m2!1m1!2zMTLCsDUyJzU4LjEiTiA3N8KwMzInNDguMiJF!5e0!3m2!1sen!2sin!4v1683007435858!5m2!1sen!2sin
54,Flourish Paying Guest For,"No 56-163-08, Gangadhar Nagar, Jp Nagar (Opp Sarakki Bus Stop Metro Pillar No 55)",560111,12.90837578,77.57299769,average,4.3,1,1,1,1,6000,"JPNagara 6th Phase,J.P.NAGARA 6TH PHASE,IN FRONT OF NANDHINI HOTEL",0.04,https://www.google.com/maps/embed?pb=!1m17!1m12!1m3!1d3889.344933120986!2d77.5469167!3d12.885527799999998!2m3!1f0!2f0!3f0!3m2!1i1024!2i768!4f13.1!3m2!1m1!2zMTLCsDUzJzA3LjkiTiA3N8KwMzInNDguOSJF!5e0!3m2!1sen!2sin!4v1683007458698!5m2!1sen!2sin
56,RN Boys Pg,"No 92, 4th Cross, Teachers Colony,Kumaraswamy Layout(Near Dayanand Sagar College)",560078,12.91178178,77.56661076,average,4.5,0,1,1,1,5000,"JPNagara 6th Phase,J.P.NAGARA 6TH PHASE,IN FRONT OF NANDHINI HOTEL",0.04,https://www.google.com/maps/embed?pb=!1m17!1m12!1m3!1d3889.0280680441597!2d77.5662222!3d12.905916699999999!2m3!1f0!2f0!3f0!3m2!1i1024!2i768!4f13.1!3m2!1m1!2zMTLCsDU0JzIxLjMiTiA3N8KwMzMnNTguNCJF!5e0!3m2!1sen!2sin!4v1683007487939!5m2!1sen!2sin
57,S S Paying Guest For Men,"No 185, SSTowers,Kanakapura Road,Jp Nagar(Opposite Sarakki Bus Stop,Near Pillar No 55)",560078,12.91007039,77.57281299,average,3.7,1,0,0,1,5000,"JPNagara 6th Phase,J.P.NAGARA 6TH PHASE,IN FRONT OF NANDHINI HOTEL",0.04,https://www.google.com/maps/embed?pb=!1m13!1m8!1m3!1d7777.993617031519!2d77.5727092!3d12.9079264!3m2!1i1024!2i768!4f13.1!3m2!1m1!2zMTLCsDU0JzI5LjQiTiA3N8KwMzQnMjIuNyJF!5e0!3m2!1sen!2sin!4v1683007516689!5m2!1sen!2sin
58,Skanda PG,"No 23, Asta Lakshmi Layout, 1st Main Road, Puttenahalli, Jp Nagar 6th Phase (Near Inchara Hotel)",560083,12.90000854,77.58295356,average,4,1,0,0,1,6000,"JPNagara 6th Phase,J.P.NAGARA 6TH PHASE,IN FRONT OF NANDHINI HOTEL",0.04,https://www.google.com/maps/embed?pb=!1m17!1m12!1m3!1d3888.941211758974!2d77.56658329999999!3d12.9115!2m3!1f0!2f0!3f0!3m2!1i1024!2i768!4f13.1!3m2!1m1!2zMTLCsDU0JzQxLjQiTiA3N8KwMzMnNTkuNyJF!5e0!3m2!1sen!2sin!4v1683007568749!5m2!1sen!2sin
59,G S PG,"G S Apartment, Kembhathalli Road, Gottigere(Behind Body and Beauty Wellness Center)",560076,12.85441935,77.58699027,average,4,1,0,0,1,6500,"JPNagara 6th Phase,J.P.NAGARA 6TH PHASE,IN FRONT OF NANDHINI HOTEL",0.04,https://www.google.com/maps/embed?pb=!1m17!1m12!1m3!1d3888.965846025635!2d77.5727778!3d12.909916700000002!2m3!1f0!2f0!3f0!3m2!1i1024!2i768!4f13.1!3m2!1m1!2zMTLCsDU0JzM1LjciTiA3N8KwMzQnMjIuMCJF!5e0!3m2!1sen!2sin!4v1683007599504!5m2!1sen!2sin
60,Stay Safe PG,"NO 301 G R Queens Ambar, Omkar Nagar 1st Cross Arekare, Hulimavu",560078,12.87026569,77.58899233,average,4,1,0,0,1,5000,"JPNagara 6th Phase,J.P.NAGARA 6TH PHASE,IN FRONT OF NANDHINI HOTEL",0.04,https://www.google.com/maps/embed?pb=!1m18!1m12!1m3!1d15555.863397432864!2d77.56505297179038!3d12.909916485794586!2m3!1f0!2f0!3f0!3m2!1i1024!2i768!4f13.1!3m3!1m2!1s0x3bae159ba2d32b3f%3A0xdfd7453aa9e2e47c!2sSkanda%20Boys%20PG!5e0!3m2!1sen!2sin!4v1683007662011!5m2!1sen!2sin
61,SR2 Galaxy PG Girls,"No. 9/10, 2nd Main, RBI Layaout, Vinayaka School Arch, Jp Nagar 7th Phase",560060,12.89449335,77.57714244,average,4,0,1,1,1,7000,"JPNagara 6th Phase,J.P.NAGARA 6TH PHASE,IN FRONT OF NANDHINI HOTEL",0.04,https://www.google.com/maps/embed?pb=!1m17!1m12!1m3!1d3889.8309272589254!2d77.587!3d12.854194399999999!2m3!1f0!2f0!3f0!3m2!1i1024!2i768!4f13.1!3m2!1m1!2zMTLCsDUxJzE1LjEiTiA3N8KwMzUnMTMuMiJF!5e0!3m2!1sen!2sin!4v1683007849518!5m2!1sen!2sin
62,Sai Sthri Raksha Ladies Pg,"No.102, LIGH, 2nd Main, 2nd Stage, Kengeri Satelite Town(Near Hoysala Circle)",560098,12.92539447,77.48518074,average,4.3,0,0,0,1,4500,"JPNagara 6th Phase,J.P.NAGARA 6TH PHASE,IN FRONT OF NANDHINI HOTEL",0.04,https://www.google.com/maps/embed?pb=!1m17!1m12!1m3!1d3889.8309272589254!2d77.587!3d12.854194399999999!2m3!1f0!2f0!3f0!3m2!1i1024!2i768!4f13.1!3m2!1m1!2zMTLCsDUxJzE1LjEiTiA3N8KwMzUnMTMuMiJF!5e0!3m2!1sen!2sin!4v1683007825615!5m2!1sen!2sin
63,Good Lands Luxury Pg,"No 24, 1st Cross BHEL Layout, Rajarajeshwari Nagar(Near Global Tech Park Front Gate and R V College Of Engineering)",560060,12.92391674,77.50586346,average,4.5,1,1,1,1,6000,"JPNagara 6th Phase,J.P.NAGARA 6TH PHASE,IN FRONT OF NANDHINI HOTEL",0.04,https://www.google.com/maps/embed?pb=!1m17!1m12!1m3!1d3889.208146754159!2d77.57716669999999!3d12.8943333!2m3!1f0!2f0!3f0!3m2!1i1024!2i768!4f13.1!3m2!1m1!2zMTLCsDUzJzM5LjYiTiA3N8KwMzQnMzcuOCJF!5e0!3m2!1sen!2sin!4v1683007886457!5m2!1sen!2sin
64,Sri Sai Residence For Ladies,"No 7, 1st Main Outerring RoadKengeri Main Road, Kengeri Satelite Town(Opposite to Krishna Grand Hotel)",560059,12.922259,77.48593087,good,4.7,1,1,1,1,10000,"Kengeri Satelite Town,KENGERI UPANAGARA,IN FRONT OF KARUNA BAKERES & SWEETS",0.04,https://www.google.com/maps/embed?pb=!1m18!1m12!1m3!1d124449.79347896161!2d77.3522997972656!3d12.904117700000018!2m3!1f0!2f0!3f0!3m2!1i1024!2i768!4f13.1!3m3!1m2!1s0x3bae3f4c0d6b925d%3A0x75bf21ef6a4c4e99!2sSri%20Sai%20Residence%20for%20Ladies!5e0!3m2!1sen!2sin!4v1683008057231!5m2!1sen!2sin
65,Sri Sai Ram Ladies & Gents PG,"No.468 Global Bulding, 3rd Cross, Global Village Main Road, R V Road",560060,12.91466589,77.49990998,average,4,1,0,0,1,3000,"Kengeri Satelite Town,KENGERI UPANAGARA,IN FRONT OF KARUNA BAKERES & SWEETS",0.04,https://www.google.com/maps/embed?pb=!1m18!1m12!1m3!1d124449.80631639852!2d77.35229955547815!3d12.9040919029328!2m3!1f0!2f0!3f0!3m2!1i1024!2i768!4f13.1!3m3!1m2!1s0x3bae3f878ab4de75%3A0x89854d3361fed201!2sGood%20Lands%20Luxury%20PG%20for%20Ladies%20-%20Top%20Rated%20Ladies%20PG%20In%20RR%20Nagar!5e0!3m2!1sen!2sin!4v1683008129370!5m2!1sen!2sin
66,Shree Raksha Paying Guest,"No.1, 1st Main, 3rd Cross, Kengeri Satellite Town, Kengeri",560098,12.91325801,77.48084537,average,3.4,1,0,0,1,4000,"Kengeri Satelite Town,KENGERI UPANAGARA,IN FRONT OF KARUNA BAKERES & SWEETS",0.04,https://www.google.com/maps/embed?pb=!1m18!1m12!1m3!1d3888.77980455728!2d77.48359157494255!3d12.921869287388988!2m3!1f0!2f0!3f0!3m2!1i1024!2i768!4f13.1!3m3!1m2!1s0x3bae3f4c0d6b925d%3A0x75bf21ef6a4c4e99!2sSri%20Sai%20Residence%20for%20Ladies!5e0!3m2!1sen!2sin!4v1683008155180!5m2!1sen!2sin
67,Hema PG For Men and Women,"No 650D, BEML ROAD, Rajarajeshwari Nagar(Above Hyderabadi Biriyani Resturant and BEML COMPLEX)",560111,12.93067323,77.51403304,average,3.8,1,1,1,1,5000,"Kengeri Satelite Town,KENGERI UPANAGARA,IN FRONT OF KARUNA BAKERES & SWEETS",0.04,https://www.google.com/maps/embed?pb=!1m17!1m12!1m3!1d3888.895392497214!2d77.49994439999999!3d12.9144444!2m3!1f0!2f0!3f0!3m2!1i1024!2i768!4f13.1!3m2!1m1!2zMTLCsDU0JzUyLjAiTiA3N8KwMjknNTkuOCJF!5e0!3m2!1sen!2sin!4v1683008287423!5m2!1sen!2sin
68,Cloud 9 Pg,"No 73/732, M R Complex, 14th Main Road, Kumaraswamy Layout(Near Police Station)",560085,12.9118534,77.56681698,average,3.4,1,0,0,1,3500,"Kengeri Satelite Town,KENGERI UPANAGARA,IN FRONT OF KARUNA BAKERES & SWEETS",0.04,https://www.google.com/maps/embed?pb=!1m18!1m12!1m3!1d62221.413648945694!2d77.40644634863283!3d12.918108900000004!2m3!1f0!2f0!3f0!3m2!1i1024!2i768!4f13.1!3m3!1m2!1s0x3bae3ffb9c58278f%3A0xc17ffd523736013a!2sSri%20Raksha%20PG%2C%20Happy%20Homes!5e0!3m2!1sen!2sin!4v1683008692031!5m2!1sen!2sin
69,Akshaya PG for Men's,"597 Police Station Rd, 2nd phase Hosakerehalli LAyout, Banashankari 3rd stage, Banashankari",560085,12.93352405,77.54467935,average,3,1,1,1,1,5000,"Kengeri Satelite Town,KENGERI UPANAGARA,IN FRONT OF KARUNA BAKERES & SWEETS",0.04,https://www.google.com/maps/embed?pb=!1m18!1m12!1m3!1d124376.17925596845!2d77.44497129726564!3d13.0512226!2m3!1f0!2f0!3f0!3m2!1i1024!2i768!4f13.1!3m3!1m2!1s0x3bae3f997c0db743%3A0xe2db9f67035f5264!2sHema%20PG!5e0!3m2!1sen!2sin!4v1683008733937!5m2!1sen!2sin
70,Adya Mansions (Best PG for Ladies),"83, 6th A Cross Rd, behind Sri Hari Kalyana Mantapa, Kaveri Nagar, Banagirinagara, Banashankari 3rd Stage, Banashankari",560078,12.93543227,77.55904916,average,4.2,1,1,1,1,6000,"Kengeri Satelite Town,KENGERI UPANAGARA,IN FRONT OF KARUNA BAKERES & SWEETS",0.04,https://www.google.com/maps/embed?pb=!1m18!1m12!1m3!1d62218.28296550646!2d77.59360518948095!3d12.930671819353702!2m3!1f0!2f0!3f0!3m2!1i1024!2i768!4f13.1!3m3!1m2!1s0x3bae157c8fbd3179%3A0xc96ffe66c7857d3d!2sCloud9%20PG!5e0!3m2!1sen!2sin!4v1683008775372!5m2!1sen!2sin
71,Vbs Pg For Gents,"No 836, 7th Main, KSRTC Layout, Jp Nagar 2nd Phase(Beside Jp Nagar Congress Office)",560041,12.91399329,77.59488964,average,4.5,1,1,1,1,7000,"Kengeri Satelite Town,KENGERI UPANAGARA,IN FRONT OF KARUNA BAKERES & SWEETS",0.04,https://www.google.com/maps/embed?pb=!1m18!1m12!1m3!1d62223.03159268981!2d77.49064218819434!3d12.911611647585508!2m3!1f0!2f0!3f0!3m2!1i1024!2i768!4f13.1!3m3!1m2!1s0x3bae3e3980ad4121%3A0x25f0e73780b2b3a9!2sAKSHAYA%20PG%20FOR%20MEN&#39;S!5e0!3m2!1sen!2sin!4v1683008816631!5m2!1sen!2sin
72,SHIRIDI SAI GENTS PG,"No 44, 11th A Main, 13th Cross, Jayanagar 5th Block (Near Ragavandra Temple)",560076,12.91927838,77.59133129,average,4.5,1,1,1,1,8000,"Kengeri Satelite Town,KENGERI UPANAGARA,IN FRONT OF KARUNA BAKERES & SWEETS",0.04,https://www.google.com/maps/embed?pb=!1m18!1m12!1m3!1d3888.675247481387!2d77.55853687494267!3d12.928581987382918!2m3!1f0!2f0!3f0!3m2!1i1024!2i768!4f13.1!3m3!1m2!1s0x3bae3fdf26dabb03%3A0xc560138c08332109!2sAdya%20Mansions%20(Best%20PG%20for%20Ladies)!5e0!3m2!1sen!2sin!4v1683008841323!5m2!1sen!2sin
73,V B R LADIES P G,"No 456, Samrat Layout Arekere Bannerghatta Road, Arekere Gate",560076,12.89154578,77.59133408,good,4.9,1,1,1,1,12000,"Kengeri Satelite Town,KENGERI UPANAGARA,IN FRONT OF KARUNA BAKERES & SWEETS",0.04,https://www.google.com/maps/embed?pb=!1m18!1m12!1m3!1d3888.5892887054865!2d77.54359307494278!3d12.934098087377834!2m3!1f0!2f0!3f0!3m2!1i1024!2i768!4f13.1!3m3!1m2!1s0x3bae3f8eded765f1%3A0x109f2170148704e5!2sNeil&#39;s%20Nest%20Unnathii%20PG!5e0!3m2!1sen!2sin!4v1683008872229!5m2!1sen!2sin
74,SLN Homes Ladies Hostel,"No18/19, 2nd Main Vijayshree Layout, Bannerghatta Road",560078,12.88268175,77.59549794,good,4.8,1,1,1,1,5000,"Kengeri Satelite Town,KENGERI UPANAGARA,IN FRONT OF KARUNA BAKERES & SWEETS",0.04,https://www.google.com/maps/embed?pb=!1m18!1m12!1m3!1d62222.53611547077!2d77.51830744863277!3d12.913601700000024!2m3!1f0!2f0!3f0!3m2!1i1024!2i768!4f13.1!3m3!1m2!1s0x3bae157d31e3dc9d%3A0xd0fbbe43acad7431!2sVBS%20pg%20for%20Gents!5e0!3m2!1sen!2sin!4v1683008912224!5m2!1sen!2sin
75,Aravind Modern Nest PG,"No.32, Arvind Complex, Kanakapura Main Road, 1st Phase, Jp Nagar",560070,12.90420247,77.58568192,average,3.9,1,0,0,1,4000,"Kengeri Satelite Town,KENGERI UPANAGARA,IN FRONT OF KARUNA BAKERES & SWEETS",0.04,https://www.google.com/maps/embed?pb=!1m13!1m8!1m3!1d7777.675133789758!2d77.5915888!3d12.9181594!3m2!1i1024!2i768!4f13.1!3m2!1m1!2zMTLCsDU1JzA3LjYiTiA3N8KwMzUnMjguNyJF!5e0!3m2!1sen!2sin!4v1683009030676!5m2!1sen!2sin
76,Sree Chakra Paying Guest Accommodation,"No. 224/54, 45th Cross, 8th Block, Jayanagar 8th Block",560078,12.91800209,77.5779219,average,4.1,1,0,0,1,3500,"Kengeri Satelite Town,KENGERI UPANAGARA,IN FRONT OF KARUNA BAKERES & SWEETS",0.04,https://www.google.com/maps/embed?pb=!1m18!1m12!1m3!1d62228.467212162876!2d77.52344034863279!3d12.889760000000006!2m3!1f0!2f0!3f0!3m2!1i1024!2i768!4f13.1!3m3!1m2!1s0x3bae156c8e34d555%3A0x1eb3addf0ef75df3!2sVBR%20Girls%20PG!5e0!3m2!1sen!2sin!4v1683009117672!5m2!1sen!2sin
77,Shree Vigneshwara Luxuries,"H.No.6, 20th Cross, 24th Main Road, Jp Nagar 5th Phase",560078,12.89782028,77.58636274,good,4.6,1,0,0,1,4000,"Kengeri Satelite Town,KENGERI UPANAGARA,IN FRONT OF KARUNA BAKERES & SWEETS",0.04,https://www.google.com/maps/embed?pb=!1m18!1m12!1m3!1d124421.25234050163!2d77.52582765711743!3d12.961346848154992!2m3!1f0!2f0!3f0!3m2!1i1024!2i768!4f13.1!3m3!1m2!1s0x3bae15c92e2e2ddd%3A0x4fc1d3050b20bff4!2sSLN%20Homes%20ladies%20hostel%20(near%20Christ%20college)!5e0!3m2!1sen!2sin!4v1683009156585!5m2!1sen!2sin
78,Sri Vinayaka PG,"No 1/A, 18th Cross, 23rd Main, Jp Nagar 5th Phase, Bangalore",560078,12.9008582,77.5864443,good,4.9,1,1,1,1,5000,"Kengeri Satelite Town,KENGERI UPANAGARA,IN FRONT OF KARUNA BAKERES & SWEETS",0.04,https://www.google.com/maps/embed?pb=!1m18!1m12!1m3!1d3888.919358674535!2d77.5703591749424!3d12.912904387397086!2m3!1f0!2f0!3f0!3m2!1i1024!2i768!4f13.1!3m3!1m2!1s0x3bae1570621633c9%3A0x6969a43a4e429bc0!2sARVIND%20MODERN%20NEST%20PG%20ACCOMMODATION!5e0!3m2!1sen!2sin!4v1683009185874!5m2!1sen!2sin
79,Lakshmi Villas,"No 19, 17th Cross, 26th B Main, Murthappa Garden, Jp Nagar 6th Phase",560041,12.9026843,77.58464133,average,4.1,1,1,1,1,5000,"Kengeri Satelite Town,KENGERI UPANAGARA,IN FRONT OF KARUNA BAKERES & SWEETS",0.04,https://www.google.com/maps/embed?pb=!1m18!1m12!1m3!1d3888.8551017275813!2d77.57582707494244!3d12.917032987393359!2m3!1f0!2f0!3f0!3m2!1i1024!2i768!4f13.1!3m3!1m2!1s0x3bae15768df299b9%3A0xa2296cdbc9f8b675!2sSri%20chakra%20pg!5e0!3m2!1sen!2sin!4v1683009220075!5m2!1sen!2sin
80,Sri Ram Sri Lakshmi Pg,"No 701, Sri Ram Pg For Gents, Jayanagar 5th Block(Near Ragavendra Swami Matha)",560078,12.91806215,77.58606574,average,3.7,1,1,1,1,5400,"Kengeri Satelite Town,KENGERI UPANAGARA,IN FRONT OF KARUNA BAKERES & SWEETS",0.04,https://www.google.com/maps/embed?pb=!1m18!1m12!1m3!1d3889.1573578233824!2d77.5836706749421!3d12.897601287411014!2m3!1f0!2f0!3f0!3m2!1i1024!2i768!4f13.1!3m3!1m2!1s0x3bae15bf9fa1de3d%3A0x1f9eba5c73428b8e!2sSHREE%20VIGNESHWARA%20LUXURIOUS%20LADIES%20PG!5e0!3m2!1sen!2sin!4v1683009252808!5m2!1sen!2sin
81,Friends Pg,"No 18, 5th A Cross, 24th Main, JP Nagar, 2nd Phase, Jp Nagar(Near R V Dental Colleage)",560078,12.91296871,77.58597353,average,4,1,0,0,1,3400,"Kengeri Satelite Town,KENGERI UPANAGARA,IN FRONT OF KARUNA BAKERES & SWEETS",0.04,https://www.google.com/maps/embed?pb=!1m18!1m12!1m3!1d15556.445153392564!2d77.56749598715817!3d12.900564900000022!2m3!1f0!2f0!3f0!3m2!1i1024!2i768!4f13.1!3m3!1m2!1s0x3bae15f84c94056b%3A0x63720c833a9c7ea6!2sSRI%20VINAYAKA%20PG%20FOR%20GENTS!5e0!3m2!1sen!2sin!4v1683009299433!5m2!1sen!2sin
82,Mohan Vatika,"# 5, Sukh Mohan Villa, Apartment Road, 5th Phase, Jp Nagar",560078,12.90280342,77.59183684,average,3.3,1,0,0,1,4500,"Kengeri Satelite Town,KENGERI UPANAGARA,IN FRONT OF KARUNA BAKERES & SWEETS",0.04,https://www.google.com/maps/embed?pb=!1m18!1m12!1m3!1d62225.263324497064!2d77.50841344863278!3d12.902644300000002!2m3!1f0!2f0!3f0!3m2!1i1024!2i768!4f13.1!3m3!1m2!1s0x3bae156b33b3aa99%3A0x177f83b64acd54cc!2sLakshmi%20Vilas%20PG%20FOR%20Ladies!5e0!3m2!1sen!2sin!4v1683009406822!5m2!1sen!2sin
83,Karnataka Paying Guest,Karnataka Paying Guest(Near Inchara Hotel),560078,12.90369761,77.58210517,average,3.8,1,1,1,1,5000,"Kengeri Satelite Town,KENGERI UPANAGARA,IN FRONT OF KARUNA BAKERES & SWEETS",0.04,https://www.google.com/maps/embed?pb=!1m17!1m12!1m3!1d3888.8430746512263!2d77.5860833!3d12.917805599999998!2m3!1f0!2f0!3f0!3m2!1i1024!2i768!4f13.1!3m2!1m1!2zMTLCsDU1JzA0LjEiTiA3N8KwMzUnMDkuOSJF!5e0!3m2!1sen!2sin!4v1683009515365!5m2!1sen!2sin
84,Shri Shyam Vaishnavi Gents P G,"No 7, 30th Main, Jp Nagar 1st Phase(Opp Oxford School and Behind RV Dental College)",560078,12.91046998,77.58166063,average,4.4,1,1,1,1,5500,"Kengeri Satelite Town,KENGERI UPANAGARA,IN FRONT OF KARUNA BAKERES & SWEETS",0.04,https://www.google.com/maps/embed?pb=!1m13!1m8!1m3!1d3888.9242976113123!2d77.5860164!3d12.912587!3m2!1i1024!2i768!4f13.1!3m2!1m1!2zMTLCsDU0JzQ1LjgiTiA3N8KwMzUnMDkuNyJF!5e0!3m2!1sen!2sin!4v1683009659298!5m2!1sen!2sin
85,MGR & Amaravathi Paying Guest,"#86 15th Cross, 15th Main J P Nagar 2nd Phase, Jp Nagar(Near Vet College)",560078,12.90788247,77.59142227,average,3.5,1,0,0,1,3500,"Kengeri Satelite Town,KENGERI UPANAGARA,IN FRONT OF KARUNA BAKERES & SWEETS",0.04,https://www.google.com/maps/embed?pb=!1m18!1m12!1m3!1d3888.2419831239495!2d77.70786657494318!3d12.956361687357631!2m3!1f0!2f0!3f0!3m2!1i1024!2i768!4f13.1!3m3!1m2!1s0x3bae1337b105079d%3A0x766b7f2037fd939f!2sMohan%20luxury%20PG%20for%20gents!5e0!3m2!1sen!2sin!4v1683009878575!5m2!1sen!2sin
86,Aarush Ladies Pg,"No 13/1, 26 Th Main, 17th Cross, Jp Nagar 6th Phase(Near Inchara Hotel)",560078,12.90198344,77.58498871,average,3.7,1,0,0,1,4000,"Kengeri Satelite Town,KENGERI UPANAGARA,IN FRONT OF KARUNA BAKERES & SWEETS",0.04,https://www.google.com/maps/embed?pb=!1m18!1m12!1m3!1d3889.070768018087!2d77.58162997494223!3d12.90317098740598!2m3!1f0!2f0!3f0!3m2!1i1024!2i768!4f13.1!3m3!1m2!1s0x3bae15ca1e876537%3A0x5e69281f9618fcf6!2sKarnataka%20Paying%20Guest%20for%20MenS!5e0!3m2!1sen!2sin!4v1683009932885!5m2!1sen!2sin
87,Anagha Ladies PG,"No 129, 3rd Cross, Pai Layout, Bannerughatta Road, Hulimavu(Near Cafe Kabana) ",560076,12.88146875,77.59745814,good,4.7,1,1,1,1,5000,"Kengeri Satelite Town,KENGERI UPANAGARA,IN FRONT OF KARUNA BAKERES & SWEETS",0.04,https://www.google.com/maps/embed?pb=!1m18!1m12!1m3!1d15555.836941512245!2d77.56278448715821!3d12.910341599999997!2m3!1f0!2f0!3f0!3m2!1i1024!2i768!4f13.1!3m3!1m2!1s0x3bae154e3cc3ac2d%3A0xea365a5afa882c76!2sShyam%20Vaishnavi%20Student%20Hostel!5e0!3m2!1sen!2sin!4v1683009962848!5m2!1sen!2sin
88,S A PG FOR GENTS,"Dev Residency No.338, Venugopal Reddy Layout, 1st Cross, 2nd Main Arekere, Bannerghatta Road, Bangalore - 560076 (Behind Meenakshi Residency Apartment)",560070,12.88716514,77.60038333,good,4.9,1,1,1,1,7000,"Kengeri Satelite Town,KENGERI UPANAGARA,IN FRONT OF KARUNA BAKERES & SWEETS",0.04,https://www.google.com/maps/embed?pb=!1m17!1m12!1m3!1d3889.000417363619!2d77.5914444!3d12.907694399999999!2m3!1f0!2f0!3f0!3m2!1i1024!2i768!4f13.1!3m2!1m1!2zMTLCsDU0JzI3LjciTiA3N8KwMzUnMjkuMiJF!5e0!3m2!1sen!2sin!4v1683010137682!5m2!1sen!2sin
89,Swathi Luxuries Pg For Women,"3286/A, KR Main Road, 17th Cross Rd, Banashankari Stage II, Banashankari 2nd Stage, Bangalore - 560070 (Near Akshya Hospital)",560076,12.92621801,77.57317777,average,4.2,1,0,0,1,4500,"Kengeri Satelite Town,KENGERI UPANAGARA,IN FRONT OF KARUNA BAKERES & SWEETS",0.04,https://www.google.com/maps/embed?pb=!1m18!1m12!1m3!1d7778.196351519536!2d77.5756878935791!3d12.9014083!2m3!1f0!2f0!3f0!3m2!1i1024!2i768!4f13.1!3m3!1m2!1s0x3bae15dc0f51dadf%3A0xefd18e6603ec4c6c!2sAarush%20PG!5e0!3m2!1sen!2sin!4v1683010185412!5m2!1sen!2sin
90,Star PG,"No.10-4, 29th Main, BTM Layout 2nd Stage, bangalore - 560076 (Near Vijaya Bank)",560076,12.90605084,77.60386381,good,4.9,1,1,1,1,6000,"Kengeri Satelite Town,KENGERI UPANAGARA,IN FRONT OF KARUNA BAKERES & SWEETS",0.04,https://www.google.com/maps/embed?pb=!1m18!1m12!1m3!1d3889.4132384942886!2d77.59468767494184!3d12.881128487426018!2m3!1f0!2f0!3f0!3m2!1i1024!2i768!4f13.1!3m3!1m2!1s0x3bae150899c3c1a1%3A0xe0b8900fd4425359!2sAnagha%20Ladies%20PG!5e0!3m2!1sen!2sin!4v1683010225968!5m2!1sen!2sin
91,S T R Pg For Gents,"No 11, 4th A Main, MS Palya, BTM Layout 2nd Stage, Bangalore - 560076 (Behind Vega City Mall)",560069,12.90509154,77.60425999,average,3.6,1,0,0,1,4500,"Kengeri Satelite Town,KENGERI UPANAGARA,IN FRONT OF KARUNA BAKERES & SWEETS",0.04,https://www.google.com/maps/embed?pb=!1m17!1m12!1m3!1d3889.3233637775234!2d77.6004444!3d12.8869167!2m3!1f0!2f0!3f0!3m2!1i1024!2i768!4f13.1!3m2!1m1!2zMTLCsDUzJzEyLjkiTiA3N8KwMzYnMDEuNiJF!5e0!3m2!1sen!2sin!4v1683010289497!5m2!1sen!2sin
92,Slv Ragigudda Ladies Pg,"SLV RAGIGUDDA PG FOR LADIES No.1991, E Cross, Jayanagar 9th Block, Bangalore - 560069 (SLV Raggiguda Hotel, Raggiguda Temple)",560004,12.91541995,77.59474583,average,3.6,1,1,1,1,5000,"Kengeri Satelite Town,KENGERI UPANAGARA,IN FRONT OF KARUNA BAKERES & SWEETS",0.04,https://www.google.com/maps/embed?pb=!1m18!1m12!1m3!1d31109.07277130889!2d77.52901777431639!3d12.931222999999997!2m3!1f0!2f0!3f0!3m2!1i1024!2i768!4f13.1!3m3!1m2!1s0x3bae15a008dc897b%3A0x301291385a389037!2sSwathi%20Ladies%20PG!5e0!3m2!1sen!2sin!4v1683010488266!5m2!1sen!2sin
93,Vinayaka PG Accommodation,"No 240/1, 3rd Main, 2nd Cross Byrappa Block, Thyagaraja Nagar, Bangalore - 560004 (Shanimathma Temple)",560041,12.93486395,77.5528899,average,3.1,1,0,0,1,4500,"Kengeri Satelite Town,KENGERI UPANAGARA,IN FRONT OF KARUNA BAKERES & SWEETS",0.04,https://www.google.com/maps/embed?pb=!1m18!1m12!1m3!1d31110.606205005675!2d77.56776647431641!3d12.918916800000007!2m3!1f0!2f0!3f0!3m2!1i1024!2i768!4f13.1!3m3!1m2!1s0x3bae1501ba6e7cc7%3A0x38bc5c54d81349d2!2sStar%20PG.!5e0!3m2!1sen!2sin!4v1683010580463!5m2!1sen!2sin
94,Sri Nimishamba Ladies Pg,"Amar Nivas, No.33/93, 5th Main, Jayanagar 5th Block, Bangalore - 560041 (Near Sangam Signal)",560069,12.91843909,77.58063684,average,3.9,1,1,1,1,6000,"Kengeri Satelite Town,KENGERI UPANAGARA,IN FRONT OF KARUNA BAKERES & SWEETS",0.04,https://www.google.com/maps/embed?pb=!1m18!1m12!1m3!1d3889.039348617493!2d77.60154377494229!3d12.905191387404159!2m3!1f0!2f0!3f0!3m2!1i1024!2i768!4f13.1!3m3!1m2!1s0x3bae15444f98c461%3A0xae945a08419a243!2sS.T.R%20PG%20for%20gents!5e0!3m2!1sen!2sin!4v1683010622714!5m2!1sen!2sin
95,Shree Bhargavi Luxurious PG,"AVR Arcade, #922, 28th Main, East End Road, Jayanagar 9th Block, Bangalore - 560069 (Near Karnataka Bank)",560085,12.91955292,77.59512189,average,4.5,1,1,1,1,10000,"Kengeri Satelite Town,KENGERI UPANAGARA,IN FRONT OF KARUNA BAKERES & SWEETS",0.04,https://www.google.com/maps/embed?pb=!1m18!1m12!1m3!1d3888.8827440589816!2d77.5921701749424!3d12.915257087394947!2m3!1f0!2f0!3f0!3m2!1i1024!2i768!4f13.1!3m3!1m2!1s0x3bae15bcacbc68ed%3A0x470342f7dd2e95f9!2sS.L.V%20Ragigudda%20P.G%20For%20Ladies!5e0!3m2!1sen!2sin!4v1683010664585!5m2!1sen!2sin
96,Castle Ladies PG,"House No 06 Kmaashi Bharma Ppa, 5th Main Road, Girinagar, Banashankari 3rd Stage, bangalore - 560085 (Above Pb Varior Bakery, Near Avalahalli Bda Park Bus Stop)",560004,12.94375018,77.54002154,good,4.9,1,0,0,1,7500,"Kengeri Satelite Town,KENGERI UPANAGARA,IN FRONT OF KARUNA BAKERES & SWEETS",0.04,https://www.google.com/maps/embed?pb=!1m13!1m8!1m3!1d7777.157126289245!2d77.5528858!3d12.9347862!3m2!1i1024!2i768!4f13.1!3m2!1m1!2zMTLCsDU2JzA0LjgiTiA3N8KwMzMnMTAuNCJF!5e0!3m2!1sen!2sin!4v1683010833355!5m2!1sen!2sin
97,Chegus Serene,"Door No 17, Patalama Temple Road, Basavanagudi, Bangalore - 560004 (Opst Pai Conversion Hall)",560011,12.93932756,77.56733726,good,4.7,1,1,1,1,9000,"Kengeri Satelite Town,KENGERI UPANAGARA,IN FRONT OF KARUNA BAKERES & SWEETS",0.04,https://www.google.com/maps/embed?pb=!1m18!1m12!1m3!1d62212.113014919356!2d77.54511818959475!3d12.955395763603107!2m3!1f0!2f0!3f0!3m2!1i1024!2i768!4f13.1!3m3!1m2!1s0x3bae1526285e7625%3A0xeaae2f809f54cca9!2sSri%20Nimishamba%20Ladies%20PG%20Girls%20Accommodation!5e0!3m2!1sen!2sin!4v1683010897504!5m2!1sen!2sin
98,KEERTHI LADIES PG,"No 177/B, 1/1, 7th B Main, 3rd Block, Jayanagar 3rd Block, Bangalore - 560011 (Next to Menaka Card, Opp to N M R K V College.)",560069,12.9256782,77.57248784,average,4.4,1,1,1,1,10000,"Kengeri Satelite Town,KENGERI UPANAGARA,IN FRONT OF KARUNA BAKERES & SWEETS",0.04,https://www.google.com/maps/embed?pb=!1m18!1m12!1m3!1d3888.808132018325!2d77.59241272494253!3d12.92005003739063!2m3!1f0!2f0!3f0!3m2!1i1024!2i768!4f13.1!3m3!1m2!1s0x3bae1508611cea57%3A0x768b1d2a328c546d!2sShree%20Bhargavi%20Ladies%20PG!5e0!3m2!1sen!2sin!4v1683010950678!5m2!1sen!2sin
99,Sai Eshwar Pg For Ladies,"No 1626, 40th A Cross 18th Main Road, Jayanagar 9th Block, Bangalore - 560069 (Near Jain College)",,12.91805916,77.5945141,,4.9,1,1,1,1,11500,"Kengeri Satelite Town,KENGERI UPANAGARA,IN FRONT OF KARUNA BAKERES & SWEETS",0.04,https://www.google.com/maps/embed?pb=!1m18!1m12!1m3!1d3888.441994486784!2d77.53533829678955!3d12.943544800000012!2m3!1f0!2f0!3f0!3m2!1i1024!2i768!4f13.1!3m3!1m2!1s0x3bae3f71a03cdec9%3A0x997954bc780abbc1!2sCastle%20ladies%20pg%20Banashankari%2FBasavanagudi!5e0!3m2!1sen!2sin!4v1683011016020!5m2!1sen!2sin
